route,station
Chicago - Miami,"Chicago, IL"
Chicago - Miami,"Dyer, IN"
Chicago - Miami,"Rensselaer, IN"
Chicago - Miami,"Lafayette, IN"
Chicago - Miami,"Crawfordsville, IN"
Chicago - Miami,"Indianapolis, IN"
Chicago - Miami,"Columbus, IN"
Chicago - Miami,"Louisville, KY"
Chicago - Miami,"Elizabethtown, KY"
Chicago - Miami,"Park City, KY"
Chicago - Miami,"Bowling Green, KY"
Chicago - Miami,"Gallatin, TN"
Chicago - Miami,"Nashville, TN"
Chicago - Miami,"Murfreesboro, TN"
Chicago - Miami,"Tullahoma, TN"
Chicago - Miami,"Chattanooga, TN"
Chicago - Miami,"Dalton, GA"
Chicago - Miami,"Marietta, GA "
Chicago - Miami,"Atlanta, GA"
Chicago - Miami,"Macon, GA"
Chicago - Miami,"Cordele, GA"
Chicago - Miami,"Douglas, GA"
Chicago - Miami,"Waycross, GA"
Chicago - Miami,"Jacksonville, FL"
Chicago - Miami,"Palatka, FL"
Chicago - Miami,"DeLand, FL"
Chicago - Miami,"Winter Park, FL"
Chicago - Miami,"Orlando, FL"
Chicago - Miami,"Kissimmee, FL"
Chicago - Miami,"Winter Haven, FL"
Chicago - Miami,"Sebring, FL"
Chicago - Miami,"Okeechobee, FL"
Chicago - Miami,"West Palm Beach, FL"
Chicago - Miami,"Delray Beach, FL"
Chicago - Miami,"Fort Lauderdale, FL"
Chicago - Miami,"Hollywood, FL"
Chicago - Miami,"Miami, FL"
Dallas/Fort Worth – Miami,"Fort Worth, TX"
Dallas/Fort Worth – Miami,"Dallas, TX"
Dallas/Fort Worth – Miami,"Mineola, TX"
Dallas/Fort Worth – Miami,"Longview, TX"
Dallas/Fort Worth – Miami,"Marshall, TX"
Dallas/Fort Worth – Miami,"Shreveport, LA"
Dallas/Fort Worth – Miami,"Clarence, LA"
Dallas/Fort Worth – Miami,"Alexandria-Pineville, LA"
Dallas/Fort Worth – Miami,"Baton Rouge, LA"
Dallas/Fort Worth – Miami,"Gonzales, LA"
Dallas/Fort Worth – Miami,"New Orleans, LA"
Dallas/Fort Worth – Miami,"Bay St. Louis, MS"
Dallas/Fort Worth – Miami,"Gulfport, MS"
Dallas/Fort Worth – Miami,"Biloxi, MS"
Dallas/Fort Worth – Miami,"Pascagoula, MS"
Dallas/Fort Worth – Miami,"Mobile, AL"
Dallas/Fort Worth – Miami,"Atmore, AL"
Dallas/Fort Worth – Miami,"Pensacola, FL"
Dallas/Fort Worth – Miami,"Crestview, FL"
Dallas/Fort Worth – Miami,"Chipley, FL"
Dallas/Fort Worth – Miami,"Tallahassee, FL"
Dallas/Fort Worth – Miami,"Madison, FL"
Dallas/Fort Worth – Miami,"Lake City, FL"
Dallas/Fort Worth – Miami,"Jacksonville, FL"
Dallas/Fort Worth – Miami,"St. Augustine, FL"
Dallas/Fort Worth – Miami,"Daytona Beach, FL"
Dallas/Fort Worth – Miami,"Titusville, FL"
Dallas/Fort Worth – Miami,"Melbourne, FL"
Dallas/Fort Worth – Miami,"Sebastian-Vero Beach, FL"
Dallas/Fort Worth – Miami,"Ocean Breeze, FL"
Dallas/Fort Worth – Miami,"West Palm Beach, FL"
Dallas/Fort Worth – Miami,"Delray Beach, FL"
Dallas/Fort Worth – Miami,"Fort Lauderdale, FL"
Dallas/Fort Worth – Miami,"Hollywood, FL"
Dallas/Fort Worth – Miami,"Miami, FL"
Denver – Houston ,"Denver, CO"
Denver – Houston ,"Castle Rock, CO"
Denver – Houston ,"Colorado Springs, CO"
Denver – Houston ,"Pueblo, CO"
Denver – Houston ,"Trinidad, CO"
Denver – Houston ,"Clayton, NM"
Denver – Houston ,"Dalhart, TX"
Denver – Houston ,"Amarillo, TX"
Denver – Houston ,"Clarendon, TX"
Denver – Houston ,"Memphis, TX"
Denver – Houston ,"Childress, TX"
Denver – Houston ,"Vernon, TX"
Denver – Houston ,"Wichita Falls, TX"
Denver – Houston ,"Bowie, TX"
Denver – Houston ,"Fort Worth, TX"
Denver – Houston ,"Dallas, TX"
Denver – Houston ,"Corsicana, TX"
Denver – Houston ,"Groesbeck, TX"
Denver – Houston ,"College Station, TX"
Denver – Houston ,"Cypress, TX"
Denver – Houston ,"Houston, TX"
Los Angeles – Denver,"Los Angeles, CA"
Los Angeles – Denver,"Fullerton, CA"
Los Angeles – Denver,"Riverside, CA"
Los Angeles – Denver,"San Bernardino, CA"
Los Angeles – Denver,"Victorville, CA"
Los Angeles – Denver,"Barstow, CA"
Los Angeles – Denver,"Primm, NV"
Los Angeles – Denver,"Las Vegas, NV"
Los Angeles – Denver,"North Las Vegas, NV"
Los Angeles – Denver,"Caliente, NV"
Los Angeles – Denver,"Milford, UT"
Los Angeles – Denver,"Delta, UT"
Los Angeles – Denver,"Nephi, UT"
Los Angeles – Denver,"Provo, UT"
Los Angeles – Denver,"Salt Lake City, UT"
Los Angeles – Denver,"Ogden, UT"
Los Angeles – Denver,"Evanston, WY"
Los Angeles – Denver,"Rock Springs, WY"
Los Angeles – Denver,"Rawlins, WY"
Los Angeles – Denver,"Laramie, WY"
Los Angeles – Denver,"Cheyenne, WY"
Los Angeles – Denver,"Fort Collins, CO"
Los Angeles – Denver,"Boulder, CO"
Los Angeles – Denver,"Denver, CO"
Phoenix – Minneapolis/St.  Paul,"Phoenix, AZ"
Phoenix – Minneapolis/St.  Paul,"Wickenburg, AZ"
Phoenix – Minneapolis/St.  Paul,"Paulden, AZ"
Phoenix – Minneapolis/St.  Paul,"Flagstaff, AZ"
Phoenix – Minneapolis/St.  Paul,"Winslow, AZ"
Phoenix – Minneapolis/St.  Paul,"Gallup, NM"
Phoenix – Minneapolis/St.  Paul,"Grants, NM"
Phoenix – Minneapolis/St.  Paul,"Belen, NM"
Phoenix – Minneapolis/St.  Paul,"Clovis, NM"
Phoenix – Minneapolis/St.  Paul,"Hereford, TX"
Phoenix – Minneapolis/St.  Paul,"Amarillo, TX"
Phoenix – Minneapolis/St.  Paul,"Pampa, TX"
Phoenix – Minneapolis/St.  Paul,"Woodward, OK"
Phoenix – Minneapolis/St.  Paul,"Alva, OK"
Phoenix – Minneapolis/St.  Paul,"Wichita, KS"
Phoenix – Minneapolis/St.  Paul,"Newton, KS"
Phoenix – Minneapolis/St.  Paul,"Topeka, KS"
Phoenix – Minneapolis/St.  Paul,"Lawrence, KS"
Phoenix – Minneapolis/St.  Paul,"Kansas City, MO"
Phoenix – Minneapolis/St.  Paul,"Atchison, KS"
Phoenix – Minneapolis/St.  Paul,"Falls City, NE"
Phoenix – Minneapolis/St.  Paul,"Nebraska City, NE"
Phoenix – Minneapolis/St.  Paul,"Omaha, NE"
Phoenix – Minneapolis/St.  Paul,"Fremont, NE"
Phoenix – Minneapolis/St.  Paul,"Sioux City, IA"
Phoenix – Minneapolis/St.  Paul,"Sioux Falls, SD"
Phoenix – Minneapolis/St.  Paul,"Pipestone, MN"
Phoenix – Minneapolis/St.  Paul,"Marshall, MN"
Phoenix – Minneapolis/St.  Paul,"Willmar, MN"
Phoenix – Minneapolis/St.  Paul,"Litchfield, MN"
Phoenix – Minneapolis/St.  Paul,"Minneapolis, MN"
Phoenix – Minneapolis/St.  Paul,"St. Paul, MN"
Dallas/Fort Worth – New York,"Dallas, TX"
Dallas/Fort Worth – New York,"Fort Worth, TX"
Dallas/Fort Worth – New York,"Ardmore, OK"
Dallas/Fort Worth – New York,"Oklahoma City, OK"
Dallas/Fort Worth – New York,"Stroud, OK"
Dallas/Fort Worth – New York,"Tulsa, OK"
Dallas/Fort Worth – New York,"Neosho, MO"
Dallas/Fort Worth – New York,"Springfield, MO"
Dallas/Fort Worth – New York,"Lebanon, MO"
Dallas/Fort Worth – New York,"Rolla, MO"
Dallas/Fort Worth – New York,"Saint Clair, MO"
Dallas/Fort Worth – New York,"St. Louis, MO"
Dallas/Fort Worth – New York,"Greenville, IL"
Dallas/Fort Worth – New York,"Effingham, IL"
Dallas/Fort Worth – New York,"Terre Haute, IN"
Dallas/Fort Worth – New York,"Greencastle, IN"
Dallas/Fort Worth – New York,"Indianapolis, IN"
Dallas/Fort Worth – New York,"Connersville, IN"
Dallas/Fort Worth – New York,"Cincinnati, OH"
Dallas/Fort Worth – New York,"Dayton, OH"
Dallas/Fort Worth – New York,"Springfield, OH"
Dallas/Fort Worth – New York,"Columbus, OH"
Dallas/Fort Worth – New York,"Newark, OH"
Dallas/Fort Worth – New York,"Coshocton, OH"
Dallas/Fort Worth – New York,"Steubenville, OH"
Dallas/Fort Worth – New York,"Pittsburgh, PA"
Dallas/Fort Worth – New York,"Altoona, PA"
Dallas/Fort Worth – New York,"Harrisburg, PA"
Dallas/Fort Worth – New York,"Lancaster, PA"
Dallas/Fort Worth – New York,"Philadelphia, PA "
Dallas/Fort Worth – New York,"Trenton, NJ"
Dallas/Fort Worth – New York,"Newark, NJ"
Dallas/Fort Worth – New York,"New York, NY"
Houston - New York,"Houston, TX"
Houston - New York,"Beaumont, TX"
Houston - New York,"Lake Charles, LA"
Houston - New York,"Lafayette, LA"
Houston - New York,"New Iberia, LA"
Houston - New York,"Schriever, LA"
Houston - New York,"New Orleans, LA"
Houston - New York,"Bay St. Louis, MS"
Houston - New York,"Gulfport, MS"
Houston - New York,"Biloxi, MS"
Houston - New York,"Pascagoula, MS"
Houston - New York,"Mobile, AL"
Houston - New York,"Atmore, AL"
Houston - New York,"Evergreen, AL"
Houston - New York,"Greenville, AL"
Houston - New York,"Montgomery, AL"
Houston - New York,"Auburn, AL"
Houston - New York,"LaGrange, GA"
Houston - New York,"Newnan, GA"
Houston - New York,"Atlanta, GA"
Houston - New York,"Marietta, GA "
Houston - New York,"Dalton, GA"
Houston - New York,"Chattanooga, TN"
Houston - New York,"Harriman, TN"
Houston - New York,"Knoxville, TN"
Houston - New York,"Morristown, TN"
Houston - New York,"Johnson City, TN"
Houston - New York,"Bristol, VA"
Houston - New York,"Wytheville, VA"
Houston - New York,"Roanoke, VA"
Houston - New York,"Lynchburg, VA"
Houston - New York,"Charlottesville, VA"
Houston - New York,"Culpeper, VA"
Houston - New York,"Manassas, VA"
Houston - New York,"Alexandria, VA"
Houston - New York,"Washington, DC"
Houston - New York,"Baltimore, MD"
Houston - New York,"Wilmington, DE"
Houston - New York,"Philadelphia, PA (30th Street Station)"
Houston - New York,"Trenton, NJ"
Houston - New York,"Newark, NJ"
Houston - New York,"New York, NY"
Seattle – Denver,"Seattle, WA"
Seattle – Denver,"Tacoma, WA"
Seattle – Denver,"Olympia-Lacey, WA"
Seattle – Denver,"Centralia, WA"
Seattle – Denver,"Kelso-Longview, WA"
Seattle – Denver,"Vancouver, WA (Portland)"
Seattle – Denver,"Portland, OR"
Seattle – Denver,"Hood River, OR"
Seattle – Denver,"The Dalles, OR"
Seattle – Denver,"Pendleton, OR"
Seattle – Denver,"La Grande, OR"
Seattle – Denver,"Baker City, OR"
Seattle – Denver,"Ontario, OR"
Seattle – Denver,"Nampa, ID "
Seattle – Denver,"Boise, ID"
Seattle – Denver,"Mountain Home, ID"
Seattle – Denver,"Gooding, ID"
Seattle – Denver,"Pocatello, ID"
Seattle – Denver,"Brigham City, UT"
Seattle – Denver,"Ogden, UT"
Seattle – Denver,"Salt Lake City, UT"
Seattle – Denver,"Provo, UT"
Seattle – Denver,"Helper, UT"
Seattle – Denver,"Green River, UT"
Seattle – Denver,"Grand Junction, CO"
Seattle – Denver,"Glenwood Springs, CO"
Seattle – Denver,"Granby, CO"
Seattle – Denver,"Fraser, CO"
Seattle – Denver,"Denver, CO"
San Francisco – Dallas/Fort Worth,"Emeryville, CA"
San Francisco – Dallas/Fort Worth,"Richmond, CA"
San Francisco – Dallas/Fort Worth,"Martinez, CA"
San Francisco – Dallas/Fort Worth,"Stockton, CA"
San Francisco – Dallas/Fort Worth,"Merced, CA"
San Francisco – Dallas/Fort Worth,"Fresno, CA"
San Francisco – Dallas/Fort Worth,"Hanford, CA "
San Francisco – Dallas/Fort Worth,"Bakersfield, CA"
San Francisco – Dallas/Fort Worth,"Tehachapi, CA"
San Francisco – Dallas/Fort Worth,"Barstow, CA"
San Francisco – Dallas/Fort Worth,"Parker, AZ"
San Francisco – Dallas/Fort Worth,"Wickenburg, AZ"
San Francisco – Dallas/Fort Worth,"Phoenix, AZ"
San Francisco – Dallas/Fort Worth,"Coolidge, AZ"
San Francisco – Dallas/Fort Worth,"Tucson, AZ"
San Francisco – Dallas/Fort Worth,"Benson, AZ"
San Francisco – Dallas/Fort Worth,"Lordsburg, NM"
San Francisco – Dallas/Fort Worth,"Deming, NM"
San Francisco – Dallas/Fort Worth,"El Paso, TX"
San Francisco – Dallas/Fort Worth,"Van Horn, TX"
San Francisco – Dallas/Fort Worth,"Pecos, TX"
San Francisco – Dallas/Fort Worth,"Odessa, TX"
San Francisco – Dallas/Fort Worth,"Midland, TX"
San Francisco – Dallas/Fort Worth,"Big Spring, TX"
San Francisco – Dallas/Fort Worth,"Sweetwater, TX"
San Francisco – Dallas/Fort Worth,"Abilene, TX"
San Francisco – Dallas/Fort Worth,"Weatherford, TX"
San Francisco – Dallas/Fort Worth,"Fort Worth, TX"
San Francisco – Dallas/Fort Worth,"Dallas, TX"
San Antonio – Minneapolis/St. Paul,"San Antonio, TX"
San Antonio – Minneapolis/St. Paul,"San Marcos, TX"
San Antonio – Minneapolis/St. Paul,"Austin, TX"
San Antonio – Minneapolis/St. Paul,"Taylor, TX"
San Antonio – Minneapolis/St. Paul,"Temple, TX"
San Antonio – Minneapolis/St. Paul,"McGregor, TX"
San Antonio – Minneapolis/St. Paul,"Cleburne, TX"
San Antonio – Minneapolis/St. Paul,"Fort Worth, TX"
San Antonio – Minneapolis/St. Paul,"Denton, TX"
San Antonio – Minneapolis/St. Paul,"Denison, TX"
San Antonio – Minneapolis/St. Paul,"Durant, OK"
San Antonio – Minneapolis/St. Paul,"McAlester, OK"
San Antonio – Minneapolis/St. Paul,"Muskogee, OK"
San Antonio – Minneapolis/St. Paul,"Tulsa, OK"
San Antonio – Minneapolis/St. Paul,"Coffeyville, KS"
San Antonio – Minneapolis/St. Paul,"Durand, KS"
San Antonio – Minneapolis/St. Paul,"Paola, KS"
San Antonio – Minneapolis/St. Paul,"Kansas City, MO"
San Antonio – Minneapolis/St. Paul,"Excelsior Springs, MO"
San Antonio – Minneapolis/St. Paul,"Trenton, MO"
San Antonio – Minneapolis/St. Paul,"Chariton, IA"
San Antonio – Minneapolis/St. Paul,"Des Moines, IA"
San Antonio – Minneapolis/St. Paul,"Nevada, IA"
San Antonio – Minneapolis/St. Paul,"Iowa Falls, IA"
San Antonio – Minneapolis/St. Paul,"Mason City, IA"
San Antonio – Minneapolis/St. Paul,"Albert Lea, MN"
San Antonio – Minneapolis/St. Paul,"Owatonna, MN"
San Antonio – Minneapolis/St. Paul,"St. Paul, MN"
Denver – Minneapolis/St. Paul,"Denver, CO"
Denver – Minneapolis/St. Paul,"Boulder, CO"
Denver – Minneapolis/St. Paul,"Fort Collins, CO"
Denver – Minneapolis/St. Paul,"Cheyenne, WY"
Denver – Minneapolis/St. Paul,"Kimball, NE"
Denver – Minneapolis/St. Paul,"Sidney, NE"
Denver – Minneapolis/St. Paul,"Alliance, NE"
Denver – Minneapolis/St. Paul,"Crawford, NE"
Denver – Minneapolis/St. Paul,"Rapid City, SD"
Denver – Minneapolis/St. Paul,"Wall, SD"
Denver – Minneapolis/St. Paul,"Pierre, SD"
Denver – Minneapolis/St. Paul,"Miller, SD"
Denver – Minneapolis/St. Paul,"Mitchell, SD"
Denver – Minneapolis/St. Paul,"Sioux Falls, SD"
Denver – Minneapolis/St. Paul,"Pipestone, MN"
Denver – Minneapolis/St. Paul,"Marshall, MN"
Denver – Minneapolis/St. Paul,"Willmar, MN"
Denver – Minneapolis/St. Paul,"Litchfield, MN"
Denver – Minneapolis/St. Paul,"Minneapolis, MN"
Denver – Minneapolis/St. Paul,"St. Paul, MN"
Seattle – Chicago,"Seattle, WA"
Seattle – Chicago,"Ellensburg, WA"
Seattle – Chicago,"Yakima, WA"
Seattle – Chicago,"Pasco, WA"
Seattle – Chicago,"Spokane, WA"
Seattle – Chicago,"Sandpoint, ID"
Seattle – Chicago,"Thompson Falls, MT"
Seattle – Chicago,"Missoula, MT"
Seattle – Chicago,"Helena, MT"
Seattle – Chicago,"Bozeman, MT"
Seattle – Chicago,"Livingston, MT"
Seattle – Chicago,"Billings, MT"
Seattle – Chicago,"Forsyth, MT"
Seattle – Chicago,"Miles City, MT"
Seattle – Chicago,"Glendive, MT"
Seattle – Chicago,"Dickinson, ND"
Seattle – Chicago,"Bismarck, ND"
Seattle – Chicago,"Jamestown, ND"
Seattle – Chicago,"Valley City, ND"
Seattle – Chicago,"Fargo, ND"
Seattle – Chicago,"Detroit Lakes, MN"
Seattle – Chicago,"Staples, MN"
Seattle – Chicago,"St. Cloud, MN"
Seattle – Chicago,"St. Paul, MN"
Seattle – Chicago,"Red Wing, MN"
Seattle – Chicago,"Winona, MN"
Seattle – Chicago,"La Crosse, WI"
Seattle – Chicago,"Tomah, WI"
Seattle – Chicago,"Wisconsin Dells, WI"
Seattle – Chicago,"Portage, WI"
Seattle – Chicago,"Columbus, WI"
Seattle – Chicago,"Milwaukee, WI"
Seattle – Chicago,"Glenview, IL"
Seattle – Chicago,"Chicago, IL"
Detroit – New Orleans,"Detroit, MI"
Detroit – New Orleans,"Toledo, OH"
Detroit – New Orleans,"Findlay, OH"
Detroit – New Orleans,"Marysville, OH"
Detroit – New Orleans,"Columbus, OH"
Detroit – New Orleans,"Springfield, OH"
Detroit – New Orleans,"Dayton, OH"
Detroit – New Orleans,"Cincinnati, OH"
Detroit – New Orleans,"La Grange, KY"
Detroit – New Orleans,"Louisville, KY"
Detroit – New Orleans,"Elizabethtown, KY"
Detroit – New Orleans,"Park City, KY"
Detroit – New Orleans,"Bowling Green, KY"
Detroit – New Orleans,"Gallatin, TN"
Detroit – New Orleans,"Nashville, TN"
Detroit – New Orleans,"Lewisburg, TN"
Detroit – New Orleans,"Decatur, AL"
Detroit – New Orleans,"Cullman, AL"
Detroit – New Orleans,"Birmingham, AL"
Detroit – New Orleans,"Clanton, AL"
Detroit – New Orleans,"Montgomery, AL"
Detroit – New Orleans,"Greenville, AL"
Detroit – New Orleans,"Evergreen, AL"
Detroit – New Orleans,"Atmore, AL"
Detroit – New Orleans,"Mobile, AL"
Detroit – New Orleans,"Pascagoula, MS"
Detroit – New Orleans,"Biloxi, MS"
Detroit – New Orleans,"Gulfport, MS"
Detroit – New Orleans,"Bay St. Louis, MS"
Detroit – New Orleans,"New Orleans, LA"
Dallas/Fort Worth – Atlanta,"Fort Worth, TX"
Dallas/Fort Worth – Atlanta,"Dallas, TX"
Dallas/Fort Worth – Atlanta,"Mineola, TX"
Dallas/Fort Worth – Atlanta,"Longview, TX"
Dallas/Fort Worth – Atlanta,"Marshall, TX"
Dallas/Fort Worth – Atlanta,"Shreveport, LA"
Dallas/Fort Worth – Atlanta,"Ruston, LA"
Dallas/Fort Worth – Atlanta,"Monroe, LA"
Dallas/Fort Worth – Atlanta,"Vicksburg, MS"
Dallas/Fort Worth – Atlanta,"Jackson, MS"
Dallas/Fort Worth – Atlanta,"Meridian, MS"
Dallas/Fort Worth – Atlanta,"Tuscaloosa, AL"
Dallas/Fort Worth – Atlanta,"Birmingham, AL"
Dallas/Fort Worth – Atlanta,"Anniston, AL"
Dallas/Fort Worth – Atlanta,"Atlanta, GA"
El Paso – Billings,"El Paso, TX"
El Paso – Billings,"Las Cruces, NM"
El Paso – Billings,"Socorro, NM"
El Paso – Billings,"Belen, NM"
El Paso – Billings,"Albuquerque, NM"
El Paso – Billings,"Lamy, NM"
El Paso – Billings,"Las Vegas, NM"
El Paso – Billings,"Raton, NM"
El Paso – Billings,"Trinidad, CO"
El Paso – Billings,"Pueblo, CO"
El Paso – Billings,"Colorado Springs, CO"
El Paso – Billings,"Castle Rock, CO"
El Paso – Billings,"Denver, CO"
El Paso – Billings,"Boulder, CO"
El Paso – Billings,"Fort Collins, CO"
El Paso – Billings,"Cheyenne, WY"
El Paso – Billings,"Wheatland, WY"
El Paso – Billings,"Douglas, WY"
El Paso – Billings,"Casper, WY"
El Paso – Billings,"Thermopolis, WY"
El Paso – Billings,"Worland, WY"
El Paso – Billings,"Lovell, WY"
El Paso – Billings,"Billings, MT"
